-- MySQL dump 10.13  Distrib 5.7.26, for Linux (x86_64)
--
-- Host: localhost    Database: muntham
-- ------------------------------------------------------
-- Server version	5.7.26-0ubuntu0.18.04.1

/*!40101 SET @OLD_CHARACTER_SET_CLIENT=@@CHARACTER_SET_CLIENT */;
/*!40101 SET @OLD_CHARACTER_SET_RESULTS=@@CHARACTER_SET_RESULTS */;
/*!40101 SET @OLD_COLLATION_CONNECTION=@@COLLATION_CONNECTION */;
/*!40101 SET NAMES utf8 */;
/*!40103 SET @OLD_TIME_ZONE=@@TIME_ZONE */;
/*!40103 SET TIME_ZONE='+00:00' */;
/*!40014 SET @OLD_UNIQUE_CHECKS=@@UNIQUE_CHECKS, UNIQUE_CHECKS=0 */;
/*!40014 SET @OLD_FOREIGN_KEY_CHECKS=@@FOREIGN_KEY_CHECKS, FOREIGN_KEY_CHECKS=0 */;
/*!40101 SET @OLD_SQL_MODE=@@SQL_MODE, SQL_MODE='NO_AUTO_VALUE_ON_ZERO' */;
/*!40111 SET @OLD_SQL_NOTES=@@SQL_NOTES, SQL_NOTES=0 */;

--
-- Table structure for table `wheels`
--

DROP TABLE IF EXISTS `wheels`;
/*!40101 SET @saved_cs_client     = @@character_set_client */;
/*!40101 SET character_set_client = utf8 */;
CREATE TABLE `wheels` (
  `id` int(10) unsigned NOT NULL AUTO_INCREMENT,
  `name` varchar(255) COLLATE utf8mb4_unicode_ci NOT NULL,
  `description` text COLLATE utf8mb4_unicode_ci,
  `definition` json DEFAULT NULL,
  `layers` int(11) NOT NULL,
  `is_active` tinyint(1) NOT NULL,
  `created_at` timestamp NULL DEFAULT NULL,
  `updated_at` timestamp NULL DEFAULT NULL,
  PRIMARY KEY (`id`),
  UNIQUE KEY `wheels_name_unique` (`name`)
) ENGINE=InnoDB AUTO_INCREMENT=5 DEFAULT CHARSET=utf8mb4 COLLATE=utf8mb4_unicode_ci;
/*!40101 SET character_set_client = @saved_cs_client */;

--
-- Dumping data for table `wheels`
--

LOCK TABLES `wheels` WRITE;
/*!40000 ALTER TABLE `wheels` DISABLE KEYS */;
INSERT INTO `wheels` VALUES (1,'Primary Wheel',NULL,'{\"areas\": [9, 10, 11, 12, 8, 13, 14], \"observations\": [49, 50, 51, 52, 53, 54, 55, 56, 57, 58, 59, 60, 61, 62, 63, 64, 65, 66, 67, 68, 69, 70, 71, 72, 73, 74, 75, 76, 77, 78, 79, 80, 81, 82, 83, 84, 85, 86, 87, 88, 89, 90, 13, 14, 15, 16, 17, 18, 19, 20, 21, 22, 23, 24, 25, 26, 27, 28, 29, 30, 31, 32, 33, 34, 35, 36, 37, 38, 39, 40, 41, 42, 43, 44, 45, 46, 47, 48, 1, 2, 3, 4, 5, 6, 7, 8, 10, 11, 12, 9]}',6,1,'2019-03-21 17:44:26','2019-03-22 14:10:03'),(2,'Secondary Wheel',NULL,'{\"areas\": [8, 9, 10, 11, 12, 13, 14], \"observations\": [91, 92, 93, 94, 95, 96, 97, 98, 99, 100, 101, 102, 103, 104, 105, 106, 107, 108, 109, 110, 111, 112, 113, 114, 115, 116, 117, 118, 119, 120, 121, 122, 123, 124, 125, 126, 127, 128, 129, 130, 131, 132, 133, 134, 135, 136, 137, 138, 139, 140, 141, 142, 143, 144, 49, 50, 51, 52, 53, 54, 55, 56, 57, 58, 59, 60, 61, 62, 63, 64, 65, 66, 67, 68, 69, 70, 71, 72, 73, 74, 75, 76, 77, 78, 79, 80, 81, 82, 83, 84, 85, 86, 87, 88, 89, 90]}',6,1,'2019-03-21 17:44:26','2019-03-22 14:14:31'),(3,'Keyworker Wheel',NULL,'{\"areas\": [15, 16, 17, 18, 19, 20, 21, 22, 23], \"observations\": [146, 152, 150, 148, 156, 155, 151, 149, 153, 147, 145, 154, 159, 164, 165, 166, 161, 163, 157, 158, 160, 167, 162, 168, 179, 169, 174, 178, 180, 173, 172, 171, 170, 177, 176, 175, 188, 181, 189, 186, 185, 192, 187, 184, 182, 183, 190, 191, 204, 199, 197, 196, 194, 202, 195, 200, 193, 201, 198, 203, 207, 211, 212, 213, 214, 205, 209, 210, 206, 215, 216, 208, 221, 227, 218, 222, 224, 217, 228, 223, 225, 226, 220, 219, 240, 230, 229, 237, 235, 236, 233, 232, 234, 238, 231, 239, 244, 242, 251, 250, 249, 247, 248, 252, 246, 243, 245, 241]}',6,1,'2019-03-21 17:44:26','2019-03-21 17:49:43'),(4,'Work Life Ready',NULL,'{\"areas\": [1, 2, 3, 4, 5, 6, 7], \"observations\": [257, 253, 254, 258, 256, 255, 259, 267, 260, 265, 270, 266, 261, 268, 262, 263, 264, 269, 271, 276, 282, 277, 272, 273, 280, 275, 279, 278, 274, 281, 293, 289, 290, 287, 286, 283, 294, 284, 291, 285, 288, 292, 298, 296, 299, 295, 300, 297, 301, 306, 305, 304, 303, 302, 310, 319, 307, 309, 323, 324, 322, 311, 318, 308, 314, 321, 316, 320, 315, 317, 312, 313, 328, 327, 325, 329, 326, 330]}',6,1,'2019-03-21 17:44:26','2019-03-21 17:51:25');
/*!40000 ALTER TABLE `wheels` ENABLE KEYS */;
UNLOCK TABLES;

--
-- Table structure for table `areas`
--

DROP TABLE IF EXISTS `areas`;
/*!40101 SET @saved_cs_client     = @@character_set_client */;
/*!40101 SET character_set_client = utf8 */;
CREATE TABLE `areas` (
  `id` int(10) unsigned NOT NULL AUTO_INCREMENT,
  `name` varchar(255) COLLATE utf8mb4_unicode_ci NOT NULL,
  `description` text COLLATE utf8mb4_unicode_ci,
  `colour` varchar(255) COLLATE utf8mb4_unicode_ci DEFAULT NULL,
  `order` int(11) NOT NULL,
  `created_at` timestamp NULL DEFAULT NULL,
  `updated_at` timestamp NULL DEFAULT NULL,
  PRIMARY KEY (`id`),
  UNIQUE KEY `areas_name_unique` (`name`)
) ENGINE=InnoDB AUTO_INCREMENT=24 DEFAULT CHARSET=utf8mb4 COLLATE=utf8mb4_unicode_ci;
/*!40101 SET character_set_client = @saved_cs_client */;

--
-- Dumping data for table `areas`
--

LOCK TABLES `areas` WRITE;
/*!40000 ALTER TABLE `areas` DISABLE KEYS */;
INSERT INTO `areas` VALUES (1,'Personal independence','Description for Personal independence','#C5D1EB',10,'2019-03-21 17:44:26','2019-03-21 17:44:26'),(2,'Daily and living skills','Description for Daily and living skills','#8DFFCD',20,'2019-03-21 17:44:26','2019-03-21 17:44:26'),(3,'Money management','Description for Money management','#B98EA7',30,'2019-03-21 17:44:26','2019-03-21 17:44:26'),(4,'Accessing the community','Description for Accessing the community','#2F60BC',40,'2019-03-21 17:44:26','2019-03-21 17:44:26'),(5,'Work ready/employability','Description for Work ready/employability','#CBE896',50,'2019-03-21 17:44:26','2019-03-21 17:44:26'),(6,'Health and well-being','Description for Health and well-being','#8D89A6',60,'2019-03-21 17:44:26','2019-03-21 17:44:26'),(7,'Learning and development','Description for Learning and development','#77B28C',70,'2019-03-21 17:44:26','2019-03-21 17:44:26'),(8,'Self Awareness','Description for Self Awareness','#C5D1EB',10,'2019-03-21 17:44:26','2019-03-21 17:44:26'),(9,'Managing Feelings','Description Managing Feelings','#8DFFCD',20,'2019-03-21 17:44:26','2019-03-21 17:44:26'),(10,'Motivation','Motivation','#B98EA7',30,'2019-03-21 17:44:26','2019-03-21 17:44:26'),(11,'Empathy','Description for Empathy','#2F60BC',40,'2019-03-21 17:44:26','2019-03-21 17:44:26'),(12,'Social Skills','Description for Social Skills','#CBE896',50,'2019-03-21 17:44:26','2019-03-21 17:44:26'),(13,'Task Orientation','Description for Task Orientation','#8D89A6',60,'2019-03-21 17:44:26','2019-03-21 17:44:26'),(14,'Classroom Conformity','Description for Classroom Conformity','#77B28C',70,'2019-03-21 17:44:26','2019-03-21 17:44:26'),(15,'Personal Hygiene and Care','','#C5D1EB',10,'2019-03-21 17:44:26','2019-03-21 17:44:26'),(16,'First Aid and Health','','#8DFFCD',20,'2019-03-21 17:44:26','2019-03-21 17:44:26'),(17,'Emotions','','#B98EA7',30,'2019-03-21 17:44:26','2019-03-21 17:44:26'),(18,'Relationships','','#2F60BC',40,'2019-03-21 17:44:26','2019-03-21 17:44:26'),(19,'Behaviour - verbal','','#CBE896',50,'2019-03-21 17:44:26','2019-03-21 17:44:26'),(20,'Behaviour - damage/physical','','#8D89A6',60,'2019-03-21 17:44:26','2019-03-21 17:44:26'),(21,'Confidence','','#77B28C',70,'2019-03-21 17:44:26','2019-03-21 17:44:26'),(22,'Self-Image','','#E8C2DE',80,'2019-03-21 17:44:26','2019-03-21 17:44:26'),(23,'Accountability and Responsibility','','#1B9AAA',90,'2019-03-21 17:44:26','2019-03-21 17:44:26');
/*!40000 ALTER TABLE `areas` ENABLE KEYS */;
UNLOCK TABLES;

--
-- Table structure for table `observations`
--

DROP TABLE IF EXISTS `observations`;
/*!40101 SET @saved_cs_client     = @@character_set_client */;
/*!40101 SET character_set_client = utf8 */;
CREATE TABLE `observations` (
  `id` int(10) unsigned NOT NULL AUTO_INCREMENT,
  `area_id` int(10) unsigned DEFAULT NULL,
  `name` varchar(255) COLLATE utf8mb4_unicode_ci NOT NULL,
  `key` varchar(255) COLLATE utf8mb4_unicode_ci DEFAULT NULL,
  `description` text COLLATE utf8mb4_unicode_ci,
  `order` int(11) NOT NULL,
  `created_at` timestamp NULL DEFAULT NULL,
  `updated_at` timestamp NULL DEFAULT NULL,
  PRIMARY KEY (`id`),
  UNIQUE KEY `observations_name_unique` (`name`),
  KEY `observations_area_id_index` (`area_id`),
  CONSTRAINT `observations_area_id_foreign` FOREIGN KEY (`area_id`) REFERENCES `areas` (`id`)
) ENGINE=InnoDB AUTO_INCREMENT=331 DEFAULT CHARSET=utf8mb4 COLLATE=utf8mb4_unicode_ci;
/*!40101 SET character_set_client = @saved_cs_client */;

--
-- Dumping data for table `observations`
--

LOCK TABLES `observations` WRITE;
/*!40000 ALTER TABLE `observations` DISABLE KEYS */;
INSERT INTO `observations` VALUES (1,8,'Knows when and how to learn effectively.','sa1','Self Awareness - Knows when and how to learn effectively.',10,'2019-03-21 17:44:26','2019-03-21 17:44:26'),(2,8,'Takes responsibility for actions and learning.','sa2','Self Awareness - Takes responsibility for actions and learning.',20,'2019-03-21 17:44:26','2019-03-21 17:44:26'),(3,8,'Feels good about the things they do well and accept themselves for who and what they do.','sa3','Self Awareness - Feels good about the things they do well and accept themselves for who and what they do.',30,'2019-03-21 17:44:26','2019-03-21 17:44:26'),(4,8,'Recognises when they find something hard to achieve.','sa4','Self Awareness - Recognises when they find something hard to achieve.',40,'2019-03-21 17:44:26','2019-03-21 17:44:26'),(5,8,'Identifies, recognises and expresses a range of feelings.','sa5','Self Awareness - Identifies, recognises and expresses a range of feelings.',50,'2019-03-21 17:44:26','2019-03-21 17:44:26'),(6,8,'Knows that feelings, thoughts and behaviours are linked.','sa6','Self Awareness - Knows that feelings, thoughts and behaviours are linked.',60,'2019-03-21 17:44:26','2019-03-21 17:44:26'),(7,8,'Recognises when they are becoming overwhelmed by their feelings.','sa7','Self Awareness - Recognises when they are becoming overwhelmed by their feelings.',70,'2019-03-21 17:44:26','2019-03-21 17:44:26'),(8,8,'Knows that it is ok to have feelings, but not ok to behave in any way they feel like.','sa8','Self Awareness - Knows that it is ok to have feelings, but not ok to behave in any way they feel like.',80,'2019-03-21 17:44:26','2019-03-21 17:44:26'),(9,8,'Knows that all feelings, including uncomfortable ones have a purpose and give us information.','sa9','Self Awareness - Knows that all feelings, including uncomfortable ones have a purpose and give us information.',90,'2019-03-21 17:44:26','2019-03-21 17:44:26'),(10,8,'Knows that it natural to be wary of change, and can explain this.','sa10','Self Awareness - Knows that it natural to be wary of change, and can explain this.',100,'2019-03-21 17:44:26','2019-03-21 17:44:26'),(11,8,'Knows the difference between showing they are proud and boasting and knows that boasting can be hurtful.','sa11','Self Awareness - Knows the difference between showing they are proud and boasting and knows that boasting can be hurtful.',110,'2019-03-21 17:44:26','2019-03-21 17:44:26'),(12,8,'Can recognise when they are using an excuse instead of finding a way around a problem.','sa12','Self Awareness - Can recognise when they are using an excuse instead of finding a way around a problem.',120,'2019-03-21 17:44:26','2019-03-21 17:44:26'),(13,9,'Can stop and think before acting.','mf13','Managing Feelings - Can stop and think before acting.',10,'2019-03-21 17:44:26','2019-03-21 17:44:26'),(14,9,'Can express a range of feelings in ways that do not hurt themselves or other people.','mf14','Managing Feelings - Can express a range of feelings in ways that do not hurt themselves or other people.',20,'2019-03-21 17:44:26','2019-03-21 17:44:26'),(15,9,'Understands that the way they express their feelings can change the way other people feel.','mf15','Managing Feelings - Understands that the way they express their feelings can change the way other people feel.',30,'2019-03-21 17:44:26','2019-03-21 17:44:26'),(16,9,'Can adapt the way they express their feelings to suit particular situations or people.','mf16','Managing Feelings - Can adapt the way they express their feelings to suit particular situations or people.',40,'2019-03-21 17:44:26','2019-03-21 17:44:26'),(17,9,'Can calm themselves when they choose.','mf17','Managing Feelings - Can calm themselves when they choose.',50,'2019-03-21 17:44:26','2019-03-21 17:44:26'),(18,9,'Have a range of strategies for managing their worries and other uncomfortable feelings.','mf18','Managing Feelings - Have a range of strategies for managing their worries and other uncomfortable feelings.',60,'2019-03-21 17:44:26','2019-03-21 17:44:26'),(19,9,'Have a range of strategies for managing their anger.','mf19','Managing Feelings - Have a range of strategies for managing their anger.',70,'2019-03-21 17:44:26','2019-03-21 17:44:26'),(20,9,'Understands that changing the way they think about people and events changes the way they feel about them.','mf20','Managing Feelings - Understands that changing the way they think about people and events changes the way they feel about them.',80,'2019-03-21 17:44:26','2019-03-21 17:44:26'),(21,9,'Knows that they can seek support from other people when they feel angry, worried or sad.','mf21','Managing Feelings - Knows that they can seek support from other people when they feel angry, worried or sad.',90,'2019-03-21 17:44:26','2019-03-21 17:44:26'),(22,9,'Knows what makes them feel good and knows how to enhance these comfortable feelings.','mf22','Managing Feelings - Knows what makes them feel good and knows how to enhance these comfortable feelings.',100,'2019-03-21 17:44:26','2019-03-21 17:44:26'),(23,9,'Can feel positive even when things are going wrong.','mf23','Managing Feelings - Can feel positive even when things are going wrong.',110,'2019-03-21 17:44:26','2019-03-21 17:44:26'),(24,9,'Can disagree with someone without falling out.','mf24','Managing Feelings - Can disagree with someone without falling out.',120,'2019-03-21 17:44:26','2019-03-21 17:44:26'),(25,10,'Can set a challenge or goal, thinking ahead and considering the consequences for others and themselves.','mo25','Motivation - Can set a challenge or goal, thinking ahead and considering the consequences for others and themselves.',10,'2019-03-21 17:44:26','2019-03-21 17:44:26'),(26,10,'Can break a long term plan into smaller achievable steps, plan to overcome obstacles, set success criteria and celebrate when they achieve them.','mo26','Motivation - Can break a long term plan into smaller achievable steps, plan to overcome obstacles, set success criteria and celebrate when they achieve them.',20,'2019-03-21 17:44:26','2019-03-21 17:44:26'),(27,10,'Can choose when and where to direct their attention, concentrate and resist distractions for increasing periods of time.','mo27','Motivation - Can choose when and where to direct their attention, concentrate and resist distractions for increasing periods of time.',30,'2019-03-21 17:44:26','2019-03-21 17:44:26'),(28,10,'Knows and can overcome some barriers to their learning such as feelings of boredom and frustration and knows when to keep trying or to try something different.','mo28','Motivation - Knows and can overcome some barriers to their learning such as feelings of boredom and frustration and knows when to keep trying or to try something different.',40,'2019-03-21 17:44:26','2019-03-21 17:44:26'),(29,10,'Can bounce back after a disappointment or when they have made a mistake or been unsuccessful.','mo29','Motivation - Can bounce back after a disappointment or when they have made a mistake or been unsuccessful.',50,'2019-03-21 17:44:26','2019-03-21 17:44:26'),(30,10,'Knows how to evaluate their learning and use this to improve future performance.','mo30','Motivation - Knows how to evaluate their learning and use this to improve future performance.',60,'2019-03-21 17:44:26','2019-03-21 17:44:26'),(31,11,'Can recognise the feelings of others.','em31','Empathy - Can recognise the feelings of others.',10,'2019-03-21 17:44:26','2019-03-21 17:44:26'),(32,11,'Knows that all people have feelings but understands that they might experience and show their feelings in different ways or in different circumstances.','em32','Empathy - Knows that all people have feelings but understands that they might experience and show their feelings in different ways or in different circumstances.',20,'2019-03-21 17:44:26','2019-03-21 17:44:26'),(33,11,'Can understand another person\'s point of view and understands how they might be feeling.','em33','Empathy - Can understand another person\'s point of view and understands how they might be feeling.',30,'2019-03-21 17:44:26','2019-03-21 17:44:26'),(34,11,'Values and respects the thoughts, feelings, beliefs and values of other people.','em34','Empathy - Values and respects the thoughts, feelings, beliefs and values of other people.',40,'2019-03-21 17:44:26','2019-03-21 17:44:26'),(35,11,'Can be supportive to others and tries to help them when they want it.','em35','Empathy - Can be supportive to others and tries to help them when they want it.',50,'2019-03-21 17:44:26','2019-03-21 17:44:26'),(36,11,'Knows that their actions affect other people and can make them feel better or worse.','em36','Empathy - Knows that their actions affect other people and can make them feel better or worse.',60,'2019-03-21 17:44:26','2019-03-21 17:44:26'),(37,12,'Feel that they belong to and are valued in their class, school and community.','ss39','Social Skills - Feel that they belong to and are valued in their class, school and community.',10,'2019-03-21 17:44:26','2019-03-21 17:44:26'),(38,12,'Understands and accepts their rights and responsibilities in school and know how they can take responsibility for making the school a safe and fair place for everyone.','ss40','Social Skills - Understands and accepts their rights and responsibilities in school and know how they can take responsibility for making the school a safe and fair place for everyone.',20,'2019-03-21 17:44:26','2019-03-21 17:44:26'),(39,12,'Knows how to be friendly, can look and sound friendly, be a good listener, give and receive compliments and do kind things for other people.','ss41','Social Skills - Knows how to be friendly, can look and sound friendly, be a good listener, give and receive compliments and do kind things for other people.',30,'2019-03-21 17:44:26','2019-03-21 17:44:26'),(40,12,'Recognises put downs and know how they affect people, so they try not to use them.','ss42','Social Skills - Recognises put downs and know how they affect people, so they try not to use them.',40,'2019-03-21 17:44:26','2019-03-21 17:44:26'),(41,12,'Can make and sustain friendships without hurting people.','ss43','Social Skills - Can make and sustain friendships without hurting people.',50,'2019-03-21 17:44:26','2019-03-21 17:44:26'),(42,12,'Can work well in a group, cooperating with others to achieve a joint outcome.','ss44','Social Skills - Can work well in a group, cooperating with others to achieve a joint outcome.',60,'2019-03-21 17:44:26','2019-03-21 17:44:26'),(43,12,'Can resolve conflicts to ensure that everyone feels positive about the outcome.','ss45','Social Skills - Can resolve conflicts to ensure that everyone feels positive about the outcome.',70,'2019-03-21 17:44:26','2019-03-21 17:44:26'),(44,12,'Can be assertive when appropriate.','ss46','Social Skills - Can be assertive when appropriate.',80,'2019-03-21 17:44:26','2019-03-21 17:44:26'),(45,12,'Can solve problems by thinking of all the options, identifying advantages and disadvantages, choosing a solution and evaluating it later on.','ss47','Social Skills - Can solve problems by thinking of all the options, identifying advantages and disadvantages, choosing a solution and evaluating it later on.',90,'2019-03-21 17:44:26','2019-03-21 17:44:26'),(46,12,'Can make a wise choice with work or behaviour.','ss48','Social Skills - Can make a wise choice with work or behaviour.',100,'2019-03-21 17:44:26','2019-03-21 17:44:26'),(47,12,'Can forgive someone.','ss49','Social Skills - Can forgive someone.',110,'2019-03-21 17:44:26','2019-03-21 17:44:26'),(48,12,'Can accept and appreciate people’s friendships.','ss50','Social Skills - Can accept and appreciate people’s friendships.',120,'2019-03-21 17:44:26','2019-03-21 17:44:26'),(49,13,'Does not refuse to work.','to1','Task Orientation - Does not refuse to work.',10,'2019-03-21 17:44:26','2019-03-21 17:44:26'),(50,13,'Starts on time.','to2','Task Orientation - Starts on time.',20,'2019-03-21 17:44:26','2019-03-21 17:44:26'),(51,13,'Not distracted by internal events.','to3','Task Orientation - Not distracted by internal events.',30,'2019-03-21 17:44:26','2019-03-21 17:44:26'),(52,13,'Not distracted by external events.','to4','Task Orientation - Not distracted by external events.',40,'2019-03-21 17:44:26','2019-03-21 17:44:26'),(53,13,'Copes well with task frustration.','to5','Task Orientation - Copes well with task frustration.',50,'2019-03-21 17:44:26','2019-03-21 17:44:26'),(54,13,'Does not begin task impulsively without understanding.','to6','Task Orientation - Does not begin task impulsively without understanding.',60,'2019-03-21 17:44:26','2019-03-21 17:44:26'),(55,13,'Shows interest/motivation toward task.','to7','Task Orientation - Shows interest/motivation toward task.',70,'2019-03-21 17:44:26','2019-03-21 17:44:26'),(56,13,'Willing to try new work.','to8','Task Orientation - Willing to try new work.',80,'2019-03-21 17:44:26','2019-03-21 17:44:26'),(57,13,'Does not avoid work by loss/abuse of task material.','to9','Task Orientation - Does not avoid work by loss/abuse of task material.',90,'2019-03-21 17:44:26','2019-03-21 17:44:26'),(58,13,'Shows confidence task-wise.','to10','Task Orientation - Shows confidence task-wise.',100,'2019-03-21 17:44:26','2019-03-21 17:44:26'),(59,13,'Acceptable level of error.','to11','Task Orientation - Acceptable level of error.',110,'2019-03-21 17:44:26','2019-03-21 17:44:26'),(60,13,'Corrects work when asked.','to12','Task Orientation - Corrects work when asked.',120,'2019-03-21 17:44:26','2019-03-21 17:44:26'),(61,13,'Does not require too much help.','to13','Task Orientation - Does not require too much help.',130,'2019-03-21 17:44:26','2019-03-21 17:44:26'),(62,13,'Accepts help from teacher.','to14','Task Orientation - Accepts help from teacher.',140,'2019-03-21 17:44:26','2019-03-21 17:44:26'),(63,13,'Asks for help when needed.','to15','Task Orientation - Asks for help when needed.',150,'2019-03-21 17:44:26','2019-03-21 17:44:26'),(64,13,'Well presented/organised work.','to16','Task Orientation - Well presented/organised work.',160,'2019-03-21 17:44:26','2019-03-21 17:44:26'),(65,13,'Well organised desk/materials.','to17','Task Orientation - Well organised desk/materials.',170,'2019-03-21 17:44:26','2019-03-21 17:44:26'),(66,13,'Completes task in given time.','to18','Task Orientation - Completes task in given time.',180,'2019-03-21 17:44:26','2019-03-21 17:44:26'),(67,14,'Stays in school.','cc1','Classroom Conformity - Stays in school.',10,'2019-03-21 17:44:26','2019-03-21 17:44:26'),(68,14,'Attends required lessons.','cc2','Classroom Conformity - Attends required lessons.',20,'2019-03-21 17:44:26','2019-03-21 17:44:26'),(69,14,'Stays in class.','cc3','Classroom Conformity - Stays in class.',30,'2019-03-21 17:44:26','2019-03-21 17:44:26'),(70,14,'Is on time to lessons.','cc4','Classroom Conformity - Is on time to lessons.',40,'2019-03-21 17:44:26','2019-03-21 17:44:26'),(71,14,'Enters classroom appropriately.','cc5','Classroom Conformity - Enters classroom appropriately.',50,'2019-03-21 17:44:26','2019-03-21 17:44:26'),(72,14,'Stays in seat in class.','cc6','Classroom Conformity - Stays in seat in class.',60,'2019-03-21 17:44:26','2019-03-21 17:44:26'),(73,14,'Sits appropriately in seat in class.','cc7','Classroom Conformity - Sits appropriately in seat in class.',70,'2019-03-21 17:44:26','2019-03-21 17:44:26'),(74,14,'Uses school equipment appropriately.','cc8','Classroom Conformity - Uses school equipment appropriately.',80,'2019-03-21 17:44:26','2019-03-21 17:44:26'),(75,14,'Raises hand when requiring help.','cc9','Classroom Conformity - Raises hand when requiring help.',90,'2019-03-21 17:44:26','2019-03-21 17:44:26'),(76,14,'Does not disrupt class if they have to wait.','cc10','Classroom Conformity - Does not disrupt class if they have to wait.',100,'2019-03-21 17:44:26','2019-03-21 17:44:26'),(77,14,'Is not verbally inappropriate to teacher.','cc11','Classroom Conformity - Is not verbally inappropriate to teacher.',110,'2019-03-21 17:44:26','2019-03-21 17:44:26'),(78,14,'Is not physically inappropriate to teacher.','cc12','Classroom Conformity - Is not physically inappropriate to teacher.',120,'2019-03-21 17:44:26','2019-03-21 17:44:26'),(79,14,'Is not over-active in class.','cc13','Classroom Conformity - Is not over-active in class.',130,'2019-03-21 17:44:26','2019-03-21 17:44:26'),(80,14,'Does not seek attention/approval of teacher inappropriately.','cc14','Classroom Conformity - Does not seek attention/approval of teacher inappropriately.',140,'2019-03-21 17:44:26','2019-03-21 17:44:26'),(81,14,'Does not throw/flick objects in class.','cc15','Classroom Conformity - Does not throw/flick objects in class.',150,'2019-03-21 17:44:26','2019-03-21 17:44:26'),(82,14,'Does not talk inappropriately in class.','cc16','Classroom Conformity - Does not talk inappropriately in class.',160,'2019-03-21 17:44:26','2019-03-21 17:44:26'),(83,14,'Does not need constant supervision.','cc17','Classroom Conformity - Does not need constant supervision.',170,'2019-03-21 17:44:26','2019-03-21 17:44:26'),(84,14,'Does not interrupt when teacher is talking.','cc18','Classroom Conformity - Does not interrupt when teacher is talking.',180,'2019-03-21 17:44:26','2019-03-21 17:44:26'),(85,14,'Does not take belongings of others.','cc19','Classroom Conformity - Does not take belongings of others.',190,'2019-03-21 17:44:26','2019-03-21 17:44:26'),(86,14,'Accepts change in routine.','cc20','Classroom Conformity - Accepts change in routine.',200,'2019-03-21 17:44:26','2019-03-21 17:44:26'),(87,14,'Is not lethargic and tired in class.','cc21','Classroom Conformity - Is not lethargic and tired in class.',210,'2019-03-21 17:44:26','2019-03-21 17:44:26'),(88,14,'Does not try to copy work of others.','cc22','Classroom Conformity - Does not try to copy work of others.',220,'2019-03-21 17:44:26','2019-03-21 17:44:26'),(89,14,'Has the required materials.','cc23','Classroom Conformity - Has the required materials.',230,'2019-03-21 17:44:26','2019-03-21 17:44:26'),(90,14,'Leaves classroom appropriately.','cc24','Classroom Conformity - Leaves classroom appropriately.',240,'2019-03-21 17:44:26','2019-03-21 17:44:26'),(91,8,'I know I am a unique individual and can tell you what I am like.','sa1','Self Awareness - I know I am a unique individual and can tell you what I am like.',410,'2019-03-21 17:44:26','2019-03-21 17:44:26'),(92,8,'I know my strengths and I feel good about them.','sa2','Self Awareness - I know my strengths and I feel good about them.',420,'2019-03-21 17:44:26','2019-03-21 17:44:26'),(93,8,'I know the things I find hard and I can try to get better at them.','sa3','Self Awareness - I know the things I find hard and I can try to get better at them.',430,'2019-03-21 17:44:26','2019-03-21 17:44:26'),(94,8,'I can tell when I feel proud of myself and I like it when others praise me.','sa4','Self Awareness - I can tell when I feel proud of myself and I like it when others praise me.',440,'2019-03-21 17:44:26','2019-03-21 17:44:26'),(95,8,'I know what is important to me and can listen to what other people want from me.','sa5','Self Awareness - I know what is important to me and can listen to what other people want from me.',450,'2019-03-21 17:44:26','2019-03-21 17:44:26'),(96,8,'I can think about my actions and can learn from them.','sa6','Self Awareness - I can think about my actions and can learn from them.',460,'2019-03-21 17:44:26','2019-03-21 17:44:26'),(97,8,'I can make sense of what has happened to me and understand how this makes me feel.','sa7','Self Awareness - I can make sense of what has happened to me and understand how this makes me feel.',470,'2019-03-21 17:44:26','2019-03-21 17:44:26'),(98,8,'I can tell what I am feeling and can say how I am feeling.','sa8','Self Awareness - I can tell what I am feeling and can say how I am feeling.',480,'2019-03-21 17:44:26','2019-03-21 17:44:26'),(99,8,'I know that feelings sometimes \'take over\' and know what makes me feel angry or upset.','sa9','Self Awareness - I know that feelings sometimes \'take over\' and know what makes me feel angry or upset.',490,'2019-03-21 17:44:26','2019-03-21 17:44:26'),(100,8,'I can tell how I am likely to think, feel and behave in different situations.','sa10','Self Awareness - I can tell how I am likely to think, feel and behave in different situations.',500,'2019-03-21 17:44:26','2019-03-21 17:44:26'),(101,8,'I can tell when I have conflicting feelings and know how to cope with this.','sa11','Self Awareness - I can tell when I have conflicting feelings and know how to cope with this.',510,'2019-03-21 17:44:26','2019-03-21 17:44:26'),(102,8,'I can use my past experience to make wise choices to plan what to do with learning and relationships.','sa12','Self Awareness - I can use my past experience to make wise choices to plan what to do with learning and relationships.',520,'2019-03-21 17:44:26','2019-03-21 17:44:26'),(103,9,'I can express my feelings clearly and openly and appropriately in different situations.','mf13','Managing Feelings - I can express my feelings clearly and openly and appropriately in different situations.',410,'2019-03-21 17:44:26','2019-03-21 17:44:26'),(104,9,'I know that how I express my feelings makes a difference to other people and what happens to me.','mf14','Managing Feelings - I know that how I express my feelings makes a difference to other people and what happens to me.',420,'2019-03-21 17:44:26','2019-03-21 17:44:26'),(105,9,'I know some ways to manage strong feelings so that I do not hurt myself and other people.','mf15','Managing Feelings - I know some ways to manage strong feelings so that I do not hurt myself and other people.',430,'2019-03-21 17:44:26','2019-03-21 17:44:26'),(106,9,'I know what makes me feel good and how to help have a good time in ways that don\'t hurt myself or other people.','mf16','Managing Feelings - I know what makes me feel good and how to help have a good time in ways that don\'t hurt myself or other people.',440,'2019-03-21 17:44:26','2019-03-21 17:44:26'),(107,9,'I know that how I feel makes a difference to my health and know how to keep myself well and happy.','mf17','Managing Feelings - I know that how I feel makes a difference to my health and know how to keep myself well and happy.',450,'2019-03-21 17:44:26','2019-03-21 17:44:26'),(108,9,'I can reduce, manage or change strong and uncomfortable feelings such as anger, anxiety, stress and jealousy.','mf18','Managing Feelings - I can reduce, manage or change strong and uncomfortable feelings such as anger, anxiety, stress and jealousy.',460,'2019-03-21 17:44:26','2019-03-21 17:44:26'),(109,10,'I can set myself a goal or challenge and know when I have been successful.','mo19','Motivation - I can set myself a goal or challenge and know when I have been successful.',410,'2019-03-21 17:44:26','2019-03-21 17:44:26'),(110,10,'I can break a long-term plan into small steps.','mo20','Motivation - I can break a long-term plan into small steps.',420,'2019-03-21 17:44:26','2019-03-21 17:44:26'),(111,10,'I can anticipate and plan to work around or overcome potential obstacles.','mo21','Motivation - I can anticipate and plan to work around or overcome potential obstacles.',430,'2019-03-21 17:44:26','2019-03-21 17:44:26'),(112,10,'I can monitor and evaluate my own performance.','mo22','Motivation - I can monitor and evaluate my own performance.',440,'2019-03-21 17:44:26','2019-03-21 17:44:26'),(113,10,'I can work towards long-term goals and can wait for a reward.','mo23','Motivation - I can work towards long-term goals and can wait for a reward.',450,'2019-03-21 17:44:26','2019-03-21 17:44:26'),(114,10,'I know how to bring about change in myself and others.','mo24','Motivation - I know how to bring about change in myself and others.',460,'2019-03-21 17:44:26','2019-03-21 17:44:26'),(115,10,'I know that mistakes are a part of learning and can bounce back when I feel disappointed or have failed.','mo25','Motivation - I know that mistakes are a part of learning and can bounce back when I feel disappointed or have failed.',470,'2019-03-21 17:44:26','2019-03-21 17:44:26'),(116,10,'I can tell when my feelings are getting in the way of learning and know what to do about it.','mo26','Motivation - I can tell when my feelings are getting in the way of learning and know what to do about it.',480,'2019-03-21 17:44:26','2019-03-21 17:44:26'),(117,10,'I can attend well and can ignore distractions.','mo27','Motivation - I can attend well and can ignore distractions.',490,'2019-03-21 17:44:26','2019-03-21 17:44:26'),(118,10,'I can think about what I have done and learn from my mistakes.','mo28','Motivation - I can think about what I have done and learn from my mistakes.',500,'2019-03-21 17:44:26','2019-03-21 17:44:26'),(119,10,'I can stay optimistic and am positive when I try something new.','mo29','Motivation - I can stay optimistic and am positive when I try something new.',510,'2019-03-21 17:44:26','2019-03-21 17:44:26'),(120,10,'I can take responsibility for myself and my actions.','mo30','Motivation - I can take responsibility for myself and my actions.',520,'2019-03-21 17:44:26','2019-03-21 17:44:26'),(121,11,'I can tell how people are feeling.','em31','Empathy - I can tell how people are feeling.',410,'2019-03-21 17:44:26','2019-03-21 17:44:26'),(122,11,'I know that people express their feelings in different ways but that we all have feelings.','em32','Empathy - I know that people express their feelings in different ways but that we all have feelings.',420,'2019-03-21 17:44:26','2019-03-21 17:44:26'),(123,11,'I can tell what other people might be feeling or thinking.','em33','Empathy - I can tell what other people might be feeling or thinking.',430,'2019-03-21 17:44:26','2019-03-21 17:44:26'),(124,11,'I can listen to others and I can help them feel better if they are feeling worried or unhappy.','em34','Empathy - I can listen to others and I can help them feel better if they are feeling worried or unhappy.',440,'2019-03-21 17:44:26','2019-03-21 17:44:26'),(125,11,'I respect people from different cultures and backgrounds.','em35','Empathy - I respect people from different cultures and backgrounds.',450,'2019-03-21 17:44:26','2019-03-21 17:44:26'),(126,11,'I know the impact of bullying, prejudice and discrimination on others.','em36','Empathy - I know the impact of bullying, prejudice and discrimination on others.',460,'2019-03-21 17:44:26','2019-03-21 17:44:26'),(127,11,'I can support others with their problems.','em37','Empathy - I can support others with their problems.',470,'2019-03-21 17:44:26','2019-03-21 17:44:26'),(128,11,'I can feel empathy for others and do things to help.','em38','Empathy - I can feel empathy for others and do things to help.',480,'2019-03-21 17:44:26','2019-03-21 17:44:26'),(129,11,'I understand and accept that the feelings, beliefs and values of other people are important to them.','new','Empathy - I understand and accept that the feelings, beliefs and values of other people are important to them.',490,'2019-03-21 17:44:26','2019-03-21 17:44:26'),(130,11,'I can see the world from another person’s point of view','new','Empathy - I can see the world from another person’s point of view',500,'2019-03-21 17:44:26','2019-03-21 17:44:26'),(131,11,'I can work out how people are feeling through their words, body language, gestures and tone, and pay attention to them.','new','Empathy - I can work out how people are feeling through their words, body language, gestures and tone, and pay attention to them.',510,'2019-03-21 17:44:26','2019-03-21 17:44:26'),(132,11,'I have a range of strategies to respond effectively in ways that can help others feel better.','new','Empathy - I have a range of strategies to respond effectively in ways that can help others feel better.',520,'2019-03-21 17:44:26','2019-03-21 17:44:26'),(133,12,'I can communicate with others, listen to them and express my thoughts and feelings.','ss39','Social Skills - I can communicate with others, listen to them and express my thoughts and feelings.',410,'2019-03-21 17:44:26','2019-03-21 17:44:26'),(134,12,'I can manage my relationships and take account of what other people are thinking and feeling.','ss40','Social Skills - I can manage my relationships and take account of what other people are thinking and feeling.',420,'2019-03-21 17:44:26','2019-03-21 17:44:26'),(135,12,'I can make wise choices about my relationships.','ss41','Social Skills - I can make wise choices about my relationships.',430,'2019-03-21 17:44:26','2019-03-21 17:44:26'),(136,12,'I can make, keep and break friendships without hurting others.','ss42','Social Skills - I can make, keep and break friendships without hurting others.',440,'2019-03-21 17:44:26','2019-03-21 17:44:26'),(137,12,'I can work and learn well in groups and take on different roles.','ss43','Social Skills - I can work and learn well in groups and take on different roles.',450,'2019-03-21 17:44:26','2019-03-21 17:44:26'),(138,12,'I know my rights and responsibilities in the many groups I belong to (family, school, friends etc.)','ss44','Social Skills - I know my rights and responsibilities in the many groups I belong to (family, school, friends etc.)',460,'2019-03-21 17:44:26','2019-03-21 17:44:26'),(139,12,'I can act independently and keep my friends.','ss45','Social Skills - I can act independently and keep my friends.',470,'2019-03-21 17:44:26','2019-03-21 17:44:26'),(140,12,'I can give feedback to others and can listen to and use feedback from them.','ss46','Social Skills - I can give feedback to others and can listen to and use feedback from them.',480,'2019-03-21 17:44:26','2019-03-21 17:44:26'),(141,12,'I can solve problems and resolve conflicts with other people.','ss47','Social Skills - I can solve problems and resolve conflicts with other people.',490,'2019-03-21 17:44:26','2019-03-21 17:44:26'),(142,12,'I can tell when I have been successful or unsuccessful in solving a problem and can make wise choices.','ss48','Social Skills - I can tell when I have been successful or unsuccessful in solving a problem and can make wise choices.',500,'2019-03-21 17:44:26','2019-03-21 17:44:26'),(143,12,'I know how to make up with others when we have fallen out.','ss49','Social Skills - I know how to make up with others when we have fallen out.',510,'2019-03-21 17:44:26','2019-03-21 17:44:26'),(144,12,'I can be assertive when appropriate.','ss50','Social Skills - I can be assertive when appropriate.',520,'2019-03-21 17:44:26','2019-03-21 17:44:26'),(145,15,'Washes his hands and face properly.','kp1','Personal Hygiene and Care - Washes his hands and face properly.',10,'2019-03-21 17:44:26','2019-03-21 17:44:26'),(146,15,'Baths or showers using soap and/or shower gel.','kp2','Personal Hygiene and Care - Baths or showers using soap and/or shower gel.',10,'2019-03-21 17:44:26','2019-03-21 17:44:26'),(147,15,'Washes his hair on a daily basis.','kp3','Personal Hygiene and Care - Washes his hair on a daily basis.',10,'2019-03-21 17:44:26','2019-03-21 17:44:26'),(148,15,'Dries himself correctly with a towel.','kp4','Personal Hygiene and Care - Dries himself correctly with a towel.',10,'2019-03-21 17:44:26','2019-03-21 17:44:26'),(149,15,'Uses appropriate deoderants.','kp5','Personal Hygiene and Care - Uses appropriate deoderants.',10,'2019-03-21 17:44:26','2019-03-21 17:44:26'),(150,15,'Cleans his teeth properly.','kp6','Personal Hygiene and Care - Cleans his teeth properly.',10,'2019-03-21 17:44:26','2019-03-21 17:44:26'),(151,15,'Makes his bed properly.','kp7','Personal Hygiene and Care - Makes his bed properly.',10,'2019-03-21 17:44:26','2019-03-21 17:44:26'),(152,15,'Changes his socks and underwear on a daily basis.','kp8','Personal Hygiene and Care - Changes his socks and underwear on a daily basis.',10,'2019-03-21 17:44:26','2019-03-21 17:44:26'),(153,15,'Uses the laundry facilities appropriately.','kp9','Personal Hygiene and Care - Uses the laundry facilities appropriately.',10,'2019-03-21 17:44:26','2019-03-21 17:44:26'),(154,15,'Wears the appropriate clothes for school and for leisure.','kp10','Personal Hygiene and Care - Wears the appropriate clothes for school and for leisure.',10,'2019-03-21 17:44:26','2019-03-21 17:44:26'),(155,15,'Keeps his bed space clean and tidy.','kp11','Personal Hygiene and Care - Keeps his bed space clean and tidy.',10,'2019-03-21 17:44:26','2019-03-21 17:44:26'),(156,15,'Has an awareness of the importance of good hygiene.','kp12','Personal Hygiene and Care - Has an awareness of the importance of good hygiene.',10,'2019-03-21 17:44:26','2019-03-21 17:44:26'),(157,16,'Shows an awareness of danger during leisure activities.','kf1','First Aid and Health - Shows an awareness of danger during leisure activities.',10,'2019-03-21 17:44:26','2019-03-21 17:44:26'),(158,16,'Shows an awareness of healthy eating.','kf2','First Aid and Health - Shows an awareness of healthy eating.',10,'2019-03-21 17:44:26','2019-03-21 17:44:26'),(159,16,'Eats a healthy diet.','kf3','First Aid and Health - Eats a healthy diet.',10,'2019-03-21 17:44:26','2019-03-21 17:44:26'),(160,16,'Shows an awareness of the importance of taking regular exercise.','kf4','First Aid and Health - Shows an awareness of the importance of taking regular exercise.',10,'2019-03-21 17:44:26','2019-03-21 17:44:26'),(161,16,'Participates in regular exercise.','kf5','First Aid and Health - Participates in regular exercise.',10,'2019-03-21 17:44:26','2019-03-21 17:44:26'),(162,16,'Shows an awareness of the use of illegal drugs, alcohol and smoking.','kf6','First Aid and Health - Shows an awareness of the use of illegal drugs, alcohol and smoking.',10,'2019-03-21 17:44:26','2019-03-21 17:44:26'),(163,16,'Seeks medical help when required and knows where to go.','kf7','First Aid and Health - Seeks medical help when required and knows where to go.',10,'2019-03-21 17:44:26','2019-03-21 17:44:26'),(164,16,'Knows how to contact the emergency services if required.','kf8','First Aid and Health - Knows how to contact the emergency services if required.',10,'2019-03-21 17:44:26','2019-03-21 17:44:26'),(165,16,'Knows how to use basic first aid.','kf9','First Aid and Health - Knows how to use basic first aid.',10,'2019-03-21 17:44:26','2019-03-21 17:44:26'),(166,16,'Knows who to contact at night if unwell and where to go to wake them.','kf10','First Aid and Health - Knows who to contact at night if unwell and where to go to wake them.',10,'2019-03-21 17:44:26','2019-03-21 17:44:26'),(167,16,'Shows an awareness of the medication he is on.','kf11','First Aid and Health - Shows an awareness of the medication he is on.',10,'2019-03-21 17:44:26','2019-03-21 17:44:26'),(168,16,'Shows an awareness of when his medication should be taken.','kf12','First Aid and Health - Shows an awareness of when his medication should be taken.',10,'2019-03-21 17:44:26','2019-03-21 17:44:26'),(169,17,'Can empathise with others.','ke1','Emotions - Can empathise with others.',10,'2019-03-21 17:44:26','2019-03-21 17:44:26'),(170,17,'Shows remorse or guilt.','ke2','Emotions - Shows remorse or guilt.',10,'2019-03-21 17:44:26','2019-03-21 17:44:26'),(171,17,'Has the ability to relax.','ke3','Emotions - Has the ability to relax.',10,'2019-03-21 17:44:26','2019-03-21 17:44:26'),(172,17,'has the ability to display his emotions appropriately.','ke4','Emotions - has the ability to display his emotions appropriately.',10,'2019-03-21 17:44:26','2019-03-21 17:44:26'),(173,17,'has the ability to discuss his feelings.','ke5','Emotions - has the ability to discuss his feelings.',10,'2019-03-21 17:44:26','2019-03-21 17:44:26'),(174,17,'Has a positive self-concept.','ke6','Emotions - Has a positive self-concept.',10,'2019-03-21 17:44:26','2019-03-21 17:44:26'),(175,17,'Uses his strategies for anger/frustration.','ke7','Emotions - Uses his strategies for anger/frustration.',10,'2019-03-21 17:44:26','2019-03-21 17:44:26'),(176,17,'Uses his strategies for aggression and violence.','ke8','Emotions - Uses his strategies for aggression and violence.',10,'2019-03-21 17:44:26','2019-03-21 17:44:26'),(177,17,'Understands and adapts to change.','ke9','Emotions - Understands and adapts to change.',10,'2019-03-21 17:44:26','2019-03-21 17:44:26'),(178,17,'Has the ability to care for others.','ke10','Emotions - Has the ability to care for others.',10,'2019-03-21 17:44:26','2019-03-21 17:44:26'),(179,17,'Acts independently to meet his own needs.','ke11','Emotions - Acts independently to meet his own needs.',10,'2019-03-21 17:44:26','2019-03-21 17:44:26'),(180,17,'Has the ability to cope with stressful situations.','ke12','Emotions - Has the ability to cope with stressful situations.',10,'2019-03-21 17:44:26','2019-03-21 17:44:26'),(181,18,'Builds positive relationships with peers appropriately.','kr1','Relationships - Builds positive relationships with peers appropriately.',10,'2019-03-21 17:44:26','2019-03-21 17:44:26'),(182,18,'Shares or lends his possessions with his peers.','kr2','Relationships - Shares or lends his possessions with his peers.',10,'2019-03-21 17:44:26','2019-03-21 17:44:26'),(183,18,'Shows affection, kindness and empathy to others.','kr3','Relationships - Shows affection, kindness and empathy to others.',10,'2019-03-21 17:44:26','2019-03-21 17:44:26'),(184,18,'Keeps in regular contact with his family and friends.','kr4','Relationships - Keeps in regular contact with his family and friends.',10,'2019-03-21 17:44:26','2019-03-21 17:44:26'),(185,18,'Engages in appropriate conversations with peers.','kr5','Relationships - Engages in appropriate conversations with peers.',10,'2019-03-21 17:44:26','2019-03-21 17:44:26'),(186,18,'Engages in appropriate conversations with adults.','kr6','Relationships - Engages in appropriate conversations with adults.',10,'2019-03-21 17:44:26','2019-03-21 17:44:26'),(187,18,'Has the ability to initiate conversations.','kr7','Relationships - Has the ability to initiate conversations.',10,'2019-03-21 17:44:26','2019-03-21 17:44:26'),(188,18,'Builds positive relationships with adults appropriately.','kr8','Relationships - Builds positive relationships with adults appropriately.',10,'2019-03-21 17:44:26','2019-03-21 17:44:26'),(189,18,'Can make decisions independently.','kr9','Relationships - Can make decisions independently.',10,'2019-03-21 17:44:26','2019-03-21 17:44:26'),(190,18,'Shows an awareness of personal space.','kr10','Relationships - Shows an awareness of personal space.',10,'2019-03-21 17:44:26','2019-03-21 17:44:26'),(191,18,'Takes turns with others.','kr11','Relationships - Takes turns with others.',10,'2019-03-21 17:44:26','2019-03-21 17:44:26'),(192,18,'Enjoys the company of others.','kr12','Relationships - Enjoys the company of others.',10,'2019-03-21 17:44:26','2019-03-21 17:44:26'),(193,19,'Avoids threatening staff/peers.','kv1','Behaviour - verbal - Avoids threatening staff/peers.',10,'2019-03-21 17:44:26','2019-03-21 17:44:26'),(194,19,'Avoids racially abusing staff/peers.','kv2','Behaviour - verbal - Avoids racially abusing staff/peers.',10,'2019-03-21 17:44:26','2019-03-21 17:44:26'),(195,19,'Avoids sexualised language.','kv3','Behaviour - verbal - Avoids sexualised language.',10,'2019-03-21 17:44:26','2019-03-21 17:44:26'),(196,19,'Avoids criticising actions and motives of staff/peers.','kv4','Behaviour - verbal - Avoids criticising actions and motives of staff/peers.',10,'2019-03-21 17:44:26','2019-03-21 17:44:26'),(197,19,'Avoids abusive or obscene language.','kv5','Behaviour - verbal - Avoids abusive or obscene language.',10,'2019-03-21 17:44:26','2019-03-21 17:44:26'),(198,19,'Expresses anger in an acceptable manner.','kv6','Behaviour - verbal - Expresses anger in an acceptable manner.',10,'2019-03-21 17:44:26','2019-03-21 17:44:26'),(199,19,'Appears in control when verbally aggressive.','kv7','Behaviour - verbal - Appears in control when verbally aggressive.',10,'2019-03-21 17:44:26','2019-03-21 17:44:26'),(200,19,'Avoids shouting at staff/peers.','kv8','Behaviour - verbal - Avoids shouting at staff/peers.',10,'2019-03-21 17:44:26','2019-03-21 17:44:26'),(201,19,'Avoids using inappropriate noises when angry.','kv9','Behaviour - verbal - Avoids using inappropriate noises when angry.',10,'2019-03-21 17:44:26','2019-03-21 17:44:26'),(202,19,'Avoids repetitive words and sentences.','kv10','Behaviour - verbal - Avoids repetitive words and sentences.',10,'2019-03-21 17:44:26','2019-03-21 17:44:26'),(203,19,'Speaks in a clear and understandable manner.','kv11','Behaviour - verbal - Speaks in a clear and understandable manner.',10,'2019-03-21 17:44:26','2019-03-21 17:44:26'),(204,19,'Allows others to express their views/opinions.','kv12','Behaviour - verbal - Allows others to express their views/opinions.',10,'2019-03-21 17:44:26','2019-03-21 17:44:26'),(205,20,'Avoids hitting, kicking, punching or heat butting staff/peers.','kd1','Behaviour - damage/physical - Avoids hitting, kicking, punching or heat butting staff/peers.',10,'2019-03-21 17:44:26','2019-03-21 17:44:26'),(206,20,'Avoids using objects as weapons against staff/peers.','kd2','Behaviour - damage/physical - Avoids using objects as weapons against staff/peers.',10,'2019-03-21 17:44:26','2019-03-21 17:44:26'),(207,20,'Avoids bullying peers.','kd3','Behaviour - damage/physical - Avoids bullying peers.',10,'2019-03-21 17:44:26','2019-03-21 17:44:26'),(208,20,'Stays free from physical aggression.','kd4','Behaviour - damage/physical - Stays free from physical aggression.',10,'2019-03-21 17:44:26','2019-03-21 17:44:26'),(209,20,'Avoids inflicting injuries/pain on others.','kd5','Behaviour - damage/physical - Avoids inflicting injuries/pain on others.',10,'2019-03-21 17:44:26','2019-03-21 17:44:26'),(210,20,'Avoids inflicting injuries/pain to self.','kd6','Behaviour - damage/physical - Avoids inflicting injuries/pain to self.',10,'2019-03-21 17:44:26','2019-03-21 17:44:26'),(211,20,'Avoids damaging his own property.','kd7','Behaviour - damage/physical - Avoids damaging his own property.',10,'2019-03-21 17:44:26','2019-03-21 17:44:26'),(212,20,'Avoids damaging others property.','kd8','Behaviour - damage/physical - Avoids damaging others property.',10,'2019-03-21 17:44:26','2019-03-21 17:44:26'),(213,20,'Avoids damaging property outside the school.','kd9','Behaviour - damage/physical - Avoids damaging property outside the school.',10,'2019-03-21 17:44:26','2019-03-21 17:44:26'),(214,20,'Avoids engaging in play fighting.','kd10','Behaviour - damage/physical - Avoids engaging in play fighting.',10,'2019-03-21 17:44:26','2019-03-21 17:44:26'),(215,20,'Respects the personal space of peers.','kd11','Behaviour - damage/physical - Respects the personal space of peers.',10,'2019-03-21 17:44:26','2019-03-21 17:44:26'),(216,20,'Respects the personal space of staff.','kd12','Behaviour - damage/physical - Respects the personal space of staff.',10,'2019-03-21 17:44:26','2019-03-21 17:44:26'),(217,21,'Gives the impression that he has a worth.','kc1','Confidence - Gives the impression that he has a worth.',10,'2019-03-21 17:44:26','2019-03-21 17:44:26'),(218,21,'Expresses a positiveness about his future.','kc2','Confidence - Expresses a positiveness about his future.',10,'2019-03-21 17:44:26','2019-03-21 17:44:26'),(219,21,'Tries to take part in new untried activities.','kc3','Confidence - Tries to take part in new untried activities.',10,'2019-03-21 17:44:26','2019-03-21 17:44:26'),(220,21,'Tackles situations where his skills could be tested.','kc4','Confidence - Tackles situations where his skills could be tested.',10,'2019-03-21 17:44:26','2019-03-21 17:44:26'),(221,21,'Believes that others have a high opinion of him.','kc5','Confidence - Believes that others have a high opinion of him.',10,'2019-03-21 17:44:26','2019-03-21 17:44:26'),(222,21,'Expresses realistic views about his own skills and attributes.','kc6','Confidence - Expresses realistic views about his own skills and attributes.',10,'2019-03-21 17:44:26','2019-03-21 17:44:26'),(223,21,'Says there is something he can do to change his life.','kc7','Confidence - Says there is something he can do to change his life.',10,'2019-03-21 17:44:27','2019-03-21 17:44:27'),(224,21,'Feels that adults view him in high regard.','kc8','Confidence - Feels that adults view him in high regard.',10,'2019-03-21 17:44:27','2019-03-21 17:44:27'),(225,21,'See things getting better for himself.','kc9','Confidence - See things getting better for himself.',10,'2019-03-21 17:44:27','2019-03-21 17:44:27'),(226,21,'Seems happy the way things are turning out.','kc10','Confidence - Seems happy the way things are turning out.',10,'2019-03-21 17:44:27','2019-03-21 17:44:27'),(227,21,'Can socialise confidently outside of school.','kc11','Confidence - Can socialise confidently outside of school.',10,'2019-03-21 17:44:27','2019-03-21 17:44:27'),(228,21,'Has the ability to enjoy his successes.','kc12','Confidence - Has the ability to enjoy his successes.',10,'2019-03-21 17:44:27','2019-03-21 17:44:27'),(229,22,'Aggrees with peers view of himself.','ks1','Self-Image - Aggrees with peers view of himself.',10,'2019-03-21 17:44:27','2019-03-21 17:44:27'),(230,22,'Aggrees with adults view of himself.','ks2','Self-Image - Aggrees with adults view of himself.',10,'2019-03-21 17:44:27','2019-03-21 17:44:27'),(231,22,'Has a realistic view of his skills and attributes.','ks3','Self-Image - Has a realistic view of his skills and attributes.',10,'2019-03-21 17:44:27','2019-03-21 17:44:27'),(232,22,'Does not have an over-rated view of himself.','ks4','Self-Image - Does not have an over-rated view of himself.',10,'2019-03-21 17:44:27','2019-03-21 17:44:27'),(233,22,'Does not have an exceptionally low opinion of himself.','ks5','Self-Image - Does not have an exceptionally low opinion of himself.',10,'2019-03-21 17:44:27','2019-03-21 17:44:27'),(234,22,'Feels his behaviour/life is under control.','ks6','Self-Image - Feels his behaviour/life is under control.',10,'2019-03-21 17:44:27','2019-03-21 17:44:27'),(235,22,'Does not feel his behaviour/life is controlled by others.','ks7','Self-Image - Does not feel his behaviour/life is controlled by others.',10,'2019-03-21 17:44:27','2019-03-21 17:44:27'),(236,22,'Does not have a confused or changing view of himself.','ks8','Self-Image - Does not have a confused or changing view of himself.',10,'2019-03-21 17:44:27','2019-03-21 17:44:27'),(237,22,'Does not appear to live in a fantasy world.','ks9','Self-Image - Does not appear to live in a fantasy world.',10,'2019-03-21 17:44:27','2019-03-21 17:44:27'),(238,22,'Gives the impression of being positive.','ks10','Self-Image - Gives the impression of being positive.',10,'2019-03-21 17:44:27','2019-03-21 17:44:27'),(239,22,'Takes pride in his appearance.','ks11','Self-Image - Takes pride in his appearance.',10,'2019-03-21 17:44:27','2019-03-21 17:44:27'),(240,22,'Accepts praise from staff.','ks12','Self-Image - Accepts praise from staff.',10,'2019-03-21 17:44:27','2019-03-21 17:44:27'),(241,23,'Understands the rules and routines of the school.','ka1','Accountability and Responsibility - Understands the rules and routines of the school.',10,'2019-03-21 17:44:27','2019-03-21 17:44:27'),(242,23,'Accepts constructive criticism from staff/peers.','ka2','Accountability and Responsibility - Accepts constructive criticism from staff/peers.',10,'2019-03-21 17:44:27','2019-03-21 17:44:27'),(243,23,'Takes responsibility for his actions when angry or upset.','ka3','Accountability and Responsibility - Takes responsibility for his actions when angry or upset.',10,'2019-03-21 17:44:27','2019-03-21 17:44:27'),(244,23,'Accepts consequences appropriately.','ka4','Accountability and Responsibility - Accepts consequences appropriately.',10,'2019-03-21 17:44:27','2019-03-21 17:44:27'),(245,23,'Takes responsibility for his own mistakes.','ka5','Accountability and Responsibility - Takes responsibility for his own mistakes.',10,'2019-03-21 17:44:27','2019-03-21 17:44:27'),(246,23,'Shows concern for the safety of others.','ka6','Accountability and Responsibility - Shows concern for the safety of others.',10,'2019-03-21 17:44:27','2019-03-21 17:44:27'),(247,23,'Manages his anger/aggression appropriately.','ka7','Accountability and Responsibility - Manages his anger/aggression appropriately.',10,'2019-03-21 17:44:27','2019-03-21 17:44:27'),(248,23,'Manages his language appropriately.','ka8','Accountability and Responsibility - Manages his language appropriately.',10,'2019-03-21 17:44:27','2019-03-21 17:44:27'),(249,23,'Knows his targets.','ka9','Accountability and Responsibility - Knows his targets.',10,'2019-03-21 17:44:27','2019-03-21 17:44:27'),(250,23,'Behaves appropriately in a public place.','ka10','Accountability and Responsibility - Behaves appropriately in a public place.',10,'2019-03-21 17:44:27','2019-03-21 17:44:27'),(251,23,'Asks for help when required.','ka11','Accountability and Responsibility - Asks for help when required.',10,'2019-03-21 17:44:27','2019-03-21 17:44:27'),(252,23,'Role models positively.','ka12','Accountability and Responsibility - Role models positively.',10,'2019-03-21 17:44:27','2019-03-21 17:44:27'),(253,1,'I practice good personal hygiene (e.g. brush teeth, shower regularly, wash hands, etc.)',NULL,'Personal independence - I practice good personal hygiene (e.g. brush teeth, shower regularly, wash hands, etc.)',10,'2019-03-21 17:44:27','2019-03-21 17:44:27'),(254,1,'I understand how poor personal hygiene affects relationships with others.',NULL,'Personal independence - I understand how poor personal hygiene affects relationships with others.',20,'2019-03-21 17:44:27','2019-03-21 17:44:27'),(255,1,'I understand the risks associated with using the internet and in particular social media, and know how to safeguard my personal information.',NULL,'Personal independence - I understand the risks associated with using the internet and in particular social media, and know how to safeguard my personal information.',30,'2019-03-21 17:44:27','2019-03-21 17:44:27'),(256,1,'I understand the meaning of a healthy, nutritious diet.',NULL,'Personal independence - I understand the meaning of a healthy, nutritious diet.',40,'2019-03-21 17:44:27','2019-03-21 17:44:27'),(257,1,'I know how to keep myself safe in the community and how to find help if I feel I am at risk.',NULL,'Personal independence - I know how to keep myself safe in the community and how to find help if I feel I am at risk.',50,'2019-03-21 17:44:27','2019-03-21 17:44:27'),(258,1,'I understand social boundaries and that these differ depending on the relationship (e.g. family, friends, girlfriend, employers, etc.)',NULL,'Personal independence - I understand social boundaries and that these differ depending on the relationship (e.g. family, friends, girlfriend, employers, etc.)',60,'2019-03-21 17:44:27','2019-03-21 17:44:27'),(259,2,'I can make and receive telephone calls.',NULL,'Daily and living skills - I can make and receive telephone calls.',10,'2019-03-21 17:44:27','2019-03-21 17:44:27'),(260,2,'I can plan a weekly menu and develop a weekly shopping list within a budget.',NULL,'Daily and living skills - I can plan a weekly menu and develop a weekly shopping list within a budget.',20,'2019-03-21 17:44:27','2019-03-21 17:44:27'),(261,2,'I know how to read food labels and expiry dates.',NULL,'Daily and living skills - I know how to read food labels and expiry dates.',30,'2019-03-21 17:44:27','2019-03-21 17:44:27'),(262,2,'I know how to store food safely.',NULL,'Daily and living skills - I know how to store food safely.',40,'2019-03-21 17:44:27','2019-03-21 17:44:27'),(263,2,'I know how to use kitchen utensils and appliances.',NULL,'Daily and living skills - I know how to use kitchen utensils and appliances.',50,'2019-03-21 17:44:27','2019-03-21 17:44:27'),(264,2,'I know what cleaning products to use for different tasks.',NULL,'Daily and living skills - I know what cleaning products to use for different tasks.',60,'2019-03-21 17:44:27','2019-03-21 17:44:27'),(265,2,'I know how often household chores should be done to keep the home clean.',NULL,'Daily and living skills - I know how often household chores should be done to keep the home clean.',70,'2019-03-21 17:44:27','2019-03-21 17:44:27'),(266,2,'I know how to properly dispose of rubbish including recycling.',NULL,'Daily and living skills - I know how to properly dispose of rubbish including recycling.',80,'2019-03-21 17:44:27','2019-03-21 17:44:27'),(267,2,'I can perform minor repairs such as change a plug or lightbulb, reset a circuit breaker, etc.',NULL,'Daily and living skills - I can perform minor repairs such as change a plug or lightbulb, reset a circuit breaker, etc.',90,'2019-03-21 17:44:27','2019-03-21 17:44:27'),(268,2,'I know how to separate laundry and use a washing machine.',NULL,'Daily and living skills - I know how to separate laundry and use a washing machine.',100,'2019-03-21 17:44:27','2019-03-21 17:44:27'),(269,2,'I understand health and safety procedures in the home.',NULL,'Daily and living skills - I understand health and safety procedures in the home.',110,'2019-03-21 17:44:27','2019-03-21 17:44:27'),(270,2,'I know how to dress appropriately for the correct occasion.',NULL,'Daily and living skills - I know how to dress appropriately for the correct occasion.',120,'2019-03-21 17:44:27','2019-03-21 17:44:27'),(271,3,'I can pay for items using cash and/or a debit card.',NULL,'Money management - I can pay for items using cash and/or a debit card.',10,'2019-03-21 17:44:27','2019-03-21 17:44:27'),(272,3,'I know how to open a bank account and check a bank statement.',NULL,'Money management - I know how to open a bank account and check a bank statement.',20,'2019-03-21 17:44:27','2019-03-21 17:44:27'),(273,3,'I know how to use internet banking and an ATM.',NULL,'Money management - I know how to use internet banking and an ATM.',30,'2019-03-21 17:44:27','2019-03-21 17:44:27'),(274,3,'I understand the risks of payday loans.',NULL,'Money management - I understand the risks of payday loans.',40,'2019-03-21 17:44:27','2019-03-21 17:44:27'),(275,3,'I understand how credit cards work and the real cost of buying goods on credit.',NULL,'Money management - I understand how credit cards work and the real cost of buying goods on credit.',50,'2019-03-21 17:44:27','2019-03-21 17:44:27'),(276,3,'I can read a payslip and understand the difference between gross and net pay.',NULL,'Money management - I can read a payslip and understand the difference between gross and net pay.',60,'2019-03-21 17:44:27','2019-03-21 17:44:27'),(277,3,'I know how to budget for regular bills.',NULL,'Money management - I know how to budget for regular bills.',70,'2019-03-21 17:44:27','2019-03-21 17:44:27'),(278,3,'I understand the difference between luxuries and necessities.',NULL,'Money management - I understand the difference between luxuries and necessities.',80,'2019-03-21 17:44:27','2019-03-21 17:44:27'),(279,3,'I understand the costs of owning a car.',NULL,'Money management - I understand the costs of owning a car.',90,'2019-03-21 17:44:27','2019-03-21 17:44:27'),(280,3,'I know my rights as a consumer.',NULL,'Money management - I know my rights as a consumer.',100,'2019-03-21 17:44:27','2019-03-21 17:44:27'),(281,3,'I understand the value of money and how to spot a good deal.',NULL,'Money management - I understand the value of money and how to spot a good deal.',110,'2019-03-21 17:44:27','2019-03-21 17:44:27'),(282,3,'I know about benefits I may be entitled to and how to access these.',NULL,'Money management - I know about benefits I may be entitled to and how to access these.',120,'2019-03-21 17:44:27','2019-03-21 17:44:27'),(283,4,'I can read and understand a bus/train timetable.',NULL,'Accessing the community - I can read and understand a bus/train timetable.',10,'2019-03-21 17:44:27','2019-03-21 17:44:27'),(284,4,'I can use public transport independently.',NULL,'Accessing the community - I can use public transport independently.',20,'2019-03-21 17:44:27','2019-03-21 17:44:27'),(285,4,'I know how to seek help if my journey is disrupted.',NULL,'Accessing the community - I know how to seek help if my journey is disrupted.',30,'2019-03-21 17:44:27','2019-03-21 17:44:27'),(286,4,'I can plan a journey independently.',NULL,'Accessing the community - I can plan a journey independently.',40,'2019-03-21 17:44:27','2019-03-21 17:44:27'),(287,4,'I can ensure that I reach my destination on time.',NULL,'Accessing the community - I can ensure that I reach my destination on time.',50,'2019-03-21 17:44:27','2019-03-21 17:44:27'),(288,4,'I understand road and pedestrian safety.',NULL,'Accessing the community - I understand road and pedestrian safety.',60,'2019-03-21 17:44:27','2019-03-21 17:44:27'),(289,4,'I can communicate appropriately in a variety of community settings.',NULL,'Accessing the community - I can communicate appropriately in a variety of community settings.',70,'2019-03-21 17:44:27','2019-03-21 17:44:27'),(290,4,'I can conduct myself appropriately in a variety of community settings.',NULL,'Accessing the community - I can conduct myself appropriately in a variety of community settings.',80,'2019-03-21 17:44:27','2019-03-21 17:44:27'),(291,4,'I know how and where to access leisure activities.',NULL,'Accessing the community - I know how and where to access leisure activities.',90,'2019-03-21 17:44:27','2019-03-21 17:44:27'),(292,4,'I understanding the value of contributing to the community.',NULL,'Accessing the community - I understanding the value of contributing to the community.',100,'2019-03-21 17:44:27','2019-03-21 17:44:27'),(293,4,'I can access public services and be aware of what services are available.',NULL,'Accessing the community - I can access public services and be aware of what services are available.',110,'2019-03-21 17:44:27','2019-03-21 17:44:27'),(294,4,'I can research into community events and local clubs in order to attend.',NULL,'Accessing the community - I can research into community events and local clubs in order to attend.',120,'2019-03-21 17:44:27','2019-03-21 17:44:27'),(295,5,'I can participate in work experience/voluntary work.',NULL,'Work ready/employability - I can participate in work experience/voluntary work.',10,'2019-03-21 17:44:27','2019-03-21 17:44:27'),(296,5,'I can complete a job application form.',NULL,'Work ready/employability - I can complete a job application form.',20,'2019-03-21 17:44:27','2019-03-21 17:44:27'),(297,5,'I can write a CV.',NULL,'Work ready/employability - I can write a CV.',30,'2019-03-21 17:44:27','2019-03-21 17:44:27'),(298,5,'I can attend a job interview.',NULL,'Work ready/employability - I can attend a job interview.',40,'2019-03-21 17:44:27','2019-03-21 17:44:27'),(299,5,'I can describe my skills and abilities and match these to job/career ideas.',NULL,'Work ready/employability - I can describe my skills and abilities and match these to job/career ideas.',50,'2019-03-21 17:44:27','2019-03-21 17:44:27'),(300,5,'I can search for job opportunities online.',NULL,'Work ready/employability - I can search for job opportunities online.',60,'2019-03-21 17:44:27','2019-03-21 17:44:27'),(301,5,'I know how and where to access job-seeking support such as Find It Out centre, job centre, job brokerage services, etc.',NULL,'Work ready/employability - I know how and where to access job-seeking support such as Find It Out centre, job centre, job brokerage services, etc.',70,'2019-03-21 17:44:27','2019-03-21 17:44:27'),(302,5,'I understand the key skills that employers look for.',NULL,'Work ready/employability - I understand the key skills that employers look for.',80,'2019-03-21 17:44:27','2019-03-21 17:44:27'),(303,5,'I understand the different pathways to employment.',NULL,'Work ready/employability - I understand the different pathways to employment.',90,'2019-03-21 17:44:27','2019-03-21 17:44:27'),(304,5,'I understand my rights as an employee.',NULL,'Work ready/employability - I understand my rights as an employee.',100,'2019-03-21 17:44:27','2019-03-21 17:44:27'),(305,5,'I know to arrive at work on time and dress appropriately.',NULL,'Work ready/employability - I know to arrive at work on time and dress appropriately.',110,'2019-03-21 17:44:27','2019-03-21 17:44:27'),(306,5,'I know that my behaviour and attitude can affect whether I keep my job and my chances of promotion.',NULL,'Work ready/employability - I know that my behaviour and attitude can affect whether I keep my job and my chances of promotion.',120,'2019-03-21 17:44:27','2019-03-21 17:44:27'),(307,6,'I can be resilient to maintain my mental health well being.',NULL,'Health and well-being - I can be resilient to maintain my mental health well being.',10,'2019-03-21 17:44:27','2019-03-21 17:44:27'),(308,6,'I can recognise signs of mental ill health and know when and how to seek help.',NULL,'Health and well-being - I can recognise signs of mental ill health and know when and how to seek help.',20,'2019-03-21 17:44:27','2019-03-21 17:44:27'),(309,6,'I can cope with the everyday stresses of life – resolve problems and setbacks and learn from them.',NULL,'Health and well-being - I can cope with the everyday stresses of life – resolve problems and setbacks and learn from them.',30,'2019-03-21 17:44:27','2019-03-21 17:44:27'),(310,6,'I can access mental health services (e.g., patient navigation, support groups) and other social services, comprehensive health services, including mental health and counselling services and support groups.',NULL,'Health and well-being - I can access mental health services (e.g., patient navigation, support groups) and other social services, comprehensive health services, including mental health and counselling services and support groups.',40,'2019-03-21 17:44:27','2019-03-21 17:44:27'),(311,6,'I can name range of strategies to cope with life stress - Getting physically active, getting enough sleep, eating a healthy diet, having fun/hobbies, yoga/meditation apps.',NULL,'Health and well-being - I can name range of strategies to cope with life stress - Getting physically active, getting enough sleep, eating a healthy diet, having fun/hobbies, yoga/meditation apps.',50,'2019-03-21 17:44:27','2019-03-21 17:44:27'),(312,6,'I understand the risks associated with using drugs, alcohol or smoking.',NULL,'Health and well-being - I understand the risks associated with using drugs, alcohol or smoking.',60,'2019-03-21 17:44:27','2019-03-21 17:44:27'),(313,6,'I understand the risks of sexually transmitted infections and how to prevent them.',NULL,'Health and well-being - I understand the risks of sexually transmitted infections and how to prevent them.',70,'2019-03-21 17:44:27','2019-03-21 17:44:27'),(314,6,'I can recognise signs of physical ill health and know when to seek medical attention know how to call the emergency services.',NULL,'Health and well-being - I can recognise signs of physical ill health and know when to seek medical attention know how to call the emergency services.',80,'2019-03-21 17:44:27','2019-03-21 17:44:27'),(315,6,'I know how to treat minor injuries such as cuts, burns, insect bites and splinters.',NULL,'Health and well-being - I know how to treat minor injuries such as cuts, burns, insect bites and splinters.',90,'2019-03-21 17:44:27','2019-03-21 17:44:27'),(316,6,'I can select appropriate over the counter medication for minor ailments.',NULL,'Health and well-being - I can select appropriate over the counter medication for minor ailments.',100,'2019-03-21 17:44:27','2019-03-21 17:44:27'),(317,6,'I know where my nearest GP surgery and A&E department are.',NULL,'Health and well-being - I know where my nearest GP surgery and A&E department are.',110,'2019-03-21 17:44:27','2019-03-21 17:44:27'),(318,6,'I can order and collect a prescription.',NULL,'Health and well-being - I can order and collect a prescription.',120,'2019-03-21 17:44:27','2019-03-21 17:44:27'),(319,6,'I can administer regular medication independently.',NULL,'Health and well-being - I can administer regular medication independently.',130,'2019-03-21 17:44:27','2019-03-21 17:44:27'),(320,6,'I can stay positive in my outlook (language used, self-talk).',NULL,'Health and well-being - I can stay positive in my outlook (language used, self-talk).',140,'2019-03-21 17:44:27','2019-03-21 17:44:27'),(321,6,'I can recognize when things are too much /overwhelming & I can accept support.',NULL,'Health and well-being - I can recognize when things are too much /overwhelming & I can accept support.',150,'2019-03-21 17:44:27','2019-03-21 17:44:27'),(322,6,'I can name and share positive characteristics about myself.',NULL,'Health and well-being - I can name and share positive characteristics about myself.',160,'2019-03-21 17:44:27','2019-03-21 17:44:27'),(323,6,'I can develop a work life balance.',NULL,'Health and well-being - I can develop a work life balance.',170,'2019-03-21 17:44:27','2019-03-21 17:44:27'),(324,6,'I can make a medical appointment.',NULL,'Health and well-being - I can make a medical appointment.',180,'2019-03-21 17:44:27','2019-03-21 17:44:27'),(325,7,'I know my realistic career pathways and how to get there.',NULL,'Learning and development - I know my realistic career pathways and how to get there.',10,'2019-03-21 17:44:27','2019-03-21 17:44:27'),(326,7,'I know what education and training is required for the job I want.',NULL,'Learning and development - I know what education and training is required for the job I want.',20,'2019-03-21 17:44:27','2019-03-21 17:44:27'),(327,7,'I know how to find information about further/higher education courses, traineeships and apprenticeships.',NULL,'Learning and development - I know how to find information about further/higher education courses, traineeships and apprenticeships.',30,'2019-03-21 17:44:27','2019-03-21 17:44:27'),(328,7,'I have a realistic view of my education and training options based upon my current levels of achievement.',NULL,'Learning and development - I have a realistic view of my education and training options based upon my current levels of achievement.',40,'2019-03-21 17:44:27','2019-03-21 17:44:27'),(329,7,'I know the costs of completing a course of study or training,',NULL,'Learning and development - I know the costs of completing a course of study or training,',50,'2019-03-21 17:44:27','2019-03-21 17:44:27'),(330,7,'I regularly attend my current course(s) and complete my work.',NULL,'Learning and development - I regularly attend my current course(s) and complete my work.',60,'2019-03-21 17:44:27','2019-03-21 17:44:27');
/*!40000 ALTER TABLE `observations` ENABLE KEYS */;
UNLOCK TABLES;
/*!40103 SET TIME_ZONE=@OLD_TIME_ZONE */;

/*!40101 SET SQL_MODE=@OLD_SQL_MODE */;
/*!40014 SET FOREIGN_KEY_CHECKS=@OLD_FOREIGN_KEY_CHECKS */;
/*!40014 SET UNIQUE_CHECKS=@OLD_UNIQUE_CHECKS */;
/*!40101 SET CHARACTER_SET_CLIENT=@OLD_CHARACTER_SET_CLIENT */;
/*!40101 SET CHARACTER_SET_RESULTS=@OLD_CHARACTER_SET_RESULTS */;
/*!40101 SET COLLATION_CONNECTION=@OLD_COLLATION_CONNECTION */;
/*!40111 SET SQL_NOTES=@OLD_SQL_NOTES */;

-- Dump completed on 2019-07-08 16:42:56
